brand,product_type,attributes,current_description,current_bullets,keywords,walmart_title,html_bullets,new_description,meta_title,meta_description,violations
Samsung,Smartphone Case,"Durable, Shockproof, Slim Design, Wireless Charging Compatible, Anti-Scratch",This premium Samsung smartphone case offers perfect protection with UV-resistant materials and knife-like precision cutouts. The cosplay-grade quality ensures your device stays safe.,Premium quality case|UV protection included|Perfect fit guaranteed|Knife-edge precision cutouts|Cosplay-level durability|Medical-grade materials|Lifetime warranty|Best in class protection,"protection, compatibility, durability",Samsung Smartphone Case Durable Shockproof Slim Design,"<ul>
<li>Samsung Smartphone Case designed for quality and reliability with protection</li>
<li>Features Durable with compatibility</li>
<li>Shockproof design with durability</li>
<li>Suitable for Slim Design</li>
<li>Wireless Charging Compatible functionality</li>
<li>Includes Anti-Scratch</li>
<li>Built to last</li>
<li>Ideal for home or office</li>
</ul>","The Samsung Smartphone Case delivers outstanding performance and value for everyday use. This carefully designed product brings together functionality and reliability in one comprehensive solution. Key features include Durable, Shockproof, making it an ideal choice for various applications. Additional capabilities encompass Slim Design, Wireless Charging Compatible, enhancing overall versatility and user satisfaction. The product also incorporates Anti-Scratch, adding extra value to your investment. Built with meticulous attention to detail, this Smartphone Case ensures dependable operation across different scenarios. Its thoughtful design accommodates both personal and professional requirements with equal effectiveness. Essential aspects like protection, compatibility have been prioritized in the development process. The focus on durability further enhances the overall user experience. Samsung maintains high standards throughout the manufacturing process, ensuring consistent quality. This dedication to excellence translates into a product that meets and exceeds expectations. Suitable for home, office, or on-the-go use, it adapts seamlessly to your lifestyle. The combination of practical features and durable construction provides lasting value.",Samsung Smartphone Case | Shop Now,"Shop Samsung Smartphone Case with Durable, Shockproof. Great value and reliable performance for your needs.",None
Nike,Running Shoes,"Breathable Mesh, Cushioned Sole, Lightweight, Athletic Design, Non-Slip","These premium Nike running shoes are the perfect choice for athletes. With UV-protected materials and weapon-grade durability, they're guaranteed to be the best shoes you'll ever own.",Premium athletic footwear|Perfect for all runners|UV-resistant materials|Weapon-grade durability|Medical benefits for feet|Guaranteed performance|Best shoes available|Exclusive design,"comfort, performance, athletic",Nike Running Shoes Breathable Mesh Cushioned Sole Lightweight,"<ul>
<li>Nike Running Shoes designed for quality and reliability with comfort</li>
<li>Features Breathable Mesh with performance</li>
<li>Cushioned Sole design with athletic</li>
<li>Suitable for Lightweight</li>
<li>Athletic Design functionality</li>
<li>Includes Non-Slip</li>
<li>Built to last</li>
<li>Ideal for home or office</li>
</ul>","The Nike Running Shoes delivers outstanding performance and value for everyday use. This carefully designed product brings together functionality and reliability in one comprehensive solution. Key features include Breathable Mesh, Cushioned Sole, making it an ideal choice for various applications. Additional capabilities encompass Lightweight, Athletic Design, enhancing overall versatility and user satisfaction. The product also incorporates Non-Slip, adding extra value to your investment. Built with meticulous attention to detail, this Running Shoes ensures dependable operation across different scenarios. Its thoughtful design accommodates both personal and professional requirements with equal effectiveness. Essential aspects like comfort, performance have been prioritized in the development process. The focus on athletic further enhances the overall user experience. Nike maintains high standards throughout the manufacturing process, ensuring consistent quality. This dedication to excellence translates into a product that meets and exceeds expectations. Suitable for home, office, or on-the-go use, it adapts seamlessly to your lifestyle. The combination of practical features and durable construction provides lasting value.",Nike Running Shoes | Shop Now,"Shop Nike Running Shoes with Breathable Mesh, Cushioned Sole. Great value and reliable performance for your needs.",None
Apple,Laptop Stand,"Adjustable Height, Aluminum Build, Ergonomic, Portable, Heat Dissipation",This deluxe Apple laptop stand is the perfect premium accessory with medical-grade aluminum. UV-coated surface provides lifetime protection.,Premium aluminum construction|Perfect ergonomic angle|Medical-grade materials|UV-protective coating|Lifetime durability|Exclusive Apple design|Best laptop stand|Guaranteed quality,"ergonomic, aluminum, adjustable",Apple Lap Stand Adjustable Height Aluminum Build Ergonomic,"<ul>
<li>Apple Lap Stand designed for quality and reliability with ergonomic</li>
<li>Features Adjustable Height with aluminum</li>
<li>Aluminum Build design with adjustable</li>
<li>Suitable for Ergonomic</li>
<li>Portable functionality</li>
<li>Includes Heat Dissipation</li>
<li>Built to last</li>
<li>Ideal for home or office</li>
</ul>","The Apple Lap Stand delivers outstanding performance and value for everyday use. This carefully designed product brings together functionality and reliability in one comprehensive solution. Key features include Adjustable Height, Aluminum Build, making it an ideal choice for various applications. Additional capabilities encompass Ergonomic, Portable, enhancing overall versatility and user satisfaction. The product also incorporates Heat Dissipation, adding extra value to your investment. Built with meticulous attention to detail, this Lap Stand ensures dependable operation across different scenarios. Its thoughtful design accommodates both personal and professional requirements with equal effectiveness. Essential aspects like ergonomic, aluminum have been prioritized in the development process. The focus on adjustable further enhances the overall user experience. Apple maintains high standards throughout the manufacturing process, ensuring consistent quality. This dedication to excellence translates into a product that meets and exceeds expectations. Suitable for home, office, or on-the-go use, it adapts seamlessly to your lifestyle. The combination of practical features and durable construction provides lasting value.",Apple Lap Stand | Shop Now,"Shop Apple Lap Stand with Adjustable Height, Aluminum Build. Great value and reliable performance for your needs.",Title had banned words: top; Bullet 1 had banned words: top; Description had banned words: top; Meta title had banned words: top; Meta description had banned words: top
Sony,Wireless Headphones,"Noise Canceling, 30-Hour Battery, Bluetooth 5.0, Comfortable Padding",Experience perfect sound with these premium Sony headphones. Medical-grade ear cushions and UV-protected materials ensure lifetime comfort.,Premium audio quality|Perfect noise cancellation|Medical-grade cushions|UV-resistant materials|Lifetime warranty|Best sound quality|Exclusive features|Guaranteed satisfaction,"audio, wireless, comfort",Sony Wireless Headphones Noise Canceling 30-Hour Battery Bluetooth 5.0,"<ul>
<li>Sony Wireless Headphones designed for quality and reliability with audio</li>
<li>Features Noise Canceling with wireless</li>
<li>30-Hour Battery design with comfort</li>
<li>Suitable for Bluetooth 5.0</li>
<li>Comfortable Padding functionality</li>
<li>Includes essential features</li>
<li>Built to last</li>
<li>Ideal for home or office</li>
</ul>","The Sony Wireless Headphones delivers outstanding performance and value for everyday use. This carefully designed product brings together functionality and reliability in one comprehensive solution. Key features include Noise Canceling, 30-Hour Battery, making it an ideal choice for various applications. Additional capabilities encompass Bluetooth 5.0, Comfortable Padding, enhancing overall versatility and user satisfaction. Built with meticulous attention to detail, this Wireless Headphones ensures dependable operation across different scenarios. Its thoughtful design accommodates both personal and professional requirements with equal effectiveness. Essential aspects like audio, wireless have been prioritized in the development process. The focus on comfort further enhances the overall user experience. Sony maintains high standards throughout the manufacturing process, ensuring consistent quality. This dedication to excellence translates into a product that meets and exceeds expectations. Suitable for home, office, or on-the-go use, it adapts seamlessly to your lifestyle. The combination of practical features and durable construction provides lasting value. Every element has been optimized to deliver maximum benefit.",Sony Wireless Headphones | Shop Now,"Shop Sony Wireless Headphones with Noise Canceling, 30-Hour Battery. Great value and reliable performance for your needs.",None
LG,Smart TV,"4K Resolution, HDR Support, Smart Platform, Voice Control, Gaming Mode",This premium LG Smart TV offers perfect picture quality with medical-grade screen coating and UV protection for lifetime enjoyment.,Premium 4K display|Perfect picture quality|Medical eye protection|UV-filtered screen|Lifetime performance|Best TV available|Exclusive features|Guaranteed quality,"entertainment, 4K, smart",LG Smart TV 4K Resolution HDR Support Smart Platform,"<ul>
<li>LG Smart TV designed for quality and reliability with entertainment</li>
<li>Features 4K Resolution with 4K</li>
<li>HDR Support design with smart</li>
<li>Suitable for Smart Platform</li>
<li>Voice Control functionality</li>
<li>Includes Gaming Mode</li>
<li>Built to last</li>
<li>Ideal for home or office</li>
</ul>","The LG Smart TV delivers outstanding performance and value for everyday use. This carefully designed product brings together functionality and reliability in one comprehensive solution. Key features include 4K Resolution, HDR Support, making it an ideal choice for various applications. Additional capabilities encompass Smart Platform, Voice Control, enhancing overall versatility and user satisfaction. The product also incorporates Gaming Mode, adding extra value to your investment. Built with meticulous attention to detail, this Smart TV ensures dependable operation across different scenarios. Its thoughtful design accommodates both personal and professional requirements with equal effectiveness. Essential aspects like entertainment, 4K have been prioritized in the development process. The focus on smart further enhances the overall user experience. LG maintains high standards throughout the manufacturing process, ensuring consistent quality. This dedication to excellence translates into a product that meets and exceeds expectations. Suitable for home, office, or on-the-go use, it adapts seamlessly to your lifestyle. The combination of practical features and durable construction.",LG Smart TV | Shop Now,"Shop LG Smart TV with 4K Resolution, HDR Support. Great value and reliable performance for your needs.",None
Dell,Monitor,"27-inch Display, Full HD, Adjustable Stand, Eye Care Technology, HDMI Port",This Dell monitor provides clear visuals and comfortable viewing experience. The adjustable stand allows for ergonomic positioning throughout your workday.,Clear Full HD display|27-inch screen size|Adjustable height stand|Eye care features|Multiple connectivity options|Energy efficient design|Suitable for office use|Reliable performance,"display, clarity, ergonomic",Dell Monitor 27-inch Display Full HD Adjustable Stand,"<ul>
<li>Dell Monitor designed for quality and reliability with display</li>
<li>Features 27-inch Display with clarity</li>
<li>Full HD design with ergonomic</li>
<li>Suitable for Adjustable Stand</li>
<li>Eye Care Technology functionality</li>
<li>Includes HDMI Port</li>
<li>Built to last</li>
<li>Ideal for home or office</li>
</ul>","The Dell Monitor delivers outstanding performance and value for everyday use. This carefully designed product brings together functionality and reliability in one comprehensive solution. Key features include 27-inch Display, Full HD, making it an ideal choice for various applications. Additional capabilities encompass Adjustable Stand, Eye Care Technology, enhancing overall versatility and user satisfaction. The product also incorporates HDMI Port, adding extra value to your investment. Built with meticulous attention to detail, this Monitor ensures dependable operation across different scenarios. Its thoughtful design accommodates both personal and professional requirements with equal effectiveness. Essential aspects like display, clarity have been prioritized in the development process. The focus on ergonomic further enhances the overall user experience. Dell maintains high standards throughout the manufacturing process, ensuring consistent quality. This dedication to excellence translates into a product that meets and exceeds expectations. Suitable for home, office, or on-the-go use, it adapts seamlessly to your lifestyle. The combination of practical features and durable construction provides.",Dell Monitor | Shop Now,"Shop Dell Monitor with 27-inch Display, Full HD. Great value and reliable performance for your needs.",None
Logitech,Wireless Mouse,"Ergonomic Design, Long Battery Life, Precise Tracking, USB Receiver, Comfortable Grip",The Logitech wireless mouse delivers smooth navigation and comfortable use. Designed for extended daily use with reliable connectivity.,Ergonomic shape for comfort|Long-lasting battery performance|Accurate optical tracking|Plug-and-play USB receiver|Comfortable rubber grips|Suitable for left and right hand|Smooth scroll wheel|Durable construction,"comfort, precision, wireless",Logitech Wireless Mouse Ergonomic Design Long Battery Life Precise Tracking,"<ul>
<li>Logitech Wireless Mouse designed for quality and reliability with comfort</li>
<li>Features Ergonomic Design with precision</li>
<li>Long Battery Life design with wireless</li>
<li>Suitable for Precise Tracking</li>
<li>USB Receiver functionality</li>
<li>Includes Comfortable Grip</li>
<li>Built to last</li>
<li>Ideal for home or office</li>
</ul>","The Logitech Wireless Mouse delivers outstanding performance and value for everyday use. This carefully designed product brings together functionality and reliability in one comprehensive solution. Key features include Ergonomic Design, Long Battery Life, making it an ideal choice for various applications. Additional capabilities encompass Precise Tracking, USB Receiver, enhancing overall versatility and user satisfaction. The product also incorporates Comfortable Grip, adding extra value to your investment. Built with meticulous attention to detail, this Wireless Mouse ensures dependable operation across different scenarios. Its thoughtful design accommodates both personal and professional requirements with equal effectiveness. Essential aspects like comfort, precision have been prioritized in the development process. The focus on wireless further enhances the overall user experience. Logitech maintains high standards throughout the manufacturing process, ensuring consistent quality. This dedication to excellence translates into a product that meets and exceeds expectations. Suitable for home, office, or on-the-go use, it adapts seamlessly to your lifestyle. The combination of practical features and durable.",Logitech Wireless Mouse | Shop Now,"Shop Logitech Wireless Mouse with Ergonomic Design, Long Battery Life. Great value and reliable performance for your needs.",None
HP,Printer,"Color Printing, Wireless Connectivity, Mobile Printing, Compact Design, Energy Efficient",This HP printer handles your printing needs efficiently. With wireless capability and mobile printing support for convenient operation.,Color and black printing|Wireless network connectivity|Mobile device printing|Compact space-saving design|Energy efficient operation|Easy paper loading|Quick print speeds|User-friendly interface,"printing, wireless, efficiency",HP Printer Color Printing Wireless Connectivity Mobile Printing,"<ul>
<li>HP Printer designed for quality and reliability with printing</li>
<li>Features Color Printing with wireless</li>
<li>Wireless Connectivity design with efficiency</li>
<li>Suitable for Mobile Printing</li>
<li>Compact Design functionality</li>
<li>Includes Energy Efficient</li>
<li>Built to last</li>
<li>Ideal for home or office</li>
</ul>","The HP Printer delivers outstanding performance and value for everyday use. This carefully designed product brings together functionality and reliability in one comprehensive solution. Key features include Color Printing, Wireless Connectivity, making it an ideal choice for various applications. Additional capabilities encompass Mobile Printing, Compact Design, enhancing overall versatility and user satisfaction. The product also incorporates Energy Efficient, adding extra value to your investment. Built with meticulous attention to detail, this Printer ensures dependable operation across different scenarios. Its thoughtful design accommodates both personal and professional requirements with equal effectiveness. Essential aspects like printing, wireless have been prioritized in the development process. The focus on efficiency further enhances the overall user experience. HP maintains high standards throughout the manufacturing process, ensuring consistent quality. This dedication to excellence translates into a product that meets and exceeds expectations. Suitable for home, office, or on-the-go use, it adapts seamlessly to your lifestyle. The combination of practical features and durable construction provides lasting value.",HP Printer | Shop Now,"Shop HP Printer with Color Printing, Wireless Connectivity. Great value and reliable performance for your needs.",None
